{"offline_id": "ae2fea98a21040998e25744a60ec9bdd", "project_name": "yolov5", "start_time": 1682269784784, "stop_time": 1682269807274, "tags": [], "workspace": null, "resume_strategy": "create", "customer_error_reported": true, "customer_error_message": "Unexpected error detected in the user script: AssertionError('\\x1b[34m\\x1b[1mtrain: \\x1b[0mNo labels found in D:\\\\yolov5\\\\sev_seg1\\\\train.cache, can not start training. See https://github.com/ultralytics/yolov5/wiki/Train-Custom-Data')"}