{"offline_id": "0e9b7577a65e4f3bb722e60e23c67491", "project_name": "yolov5", "start_time": 1682332248353, "stop_time": 1682332268952, "tags": [], "workspace": null, "resume_strategy": "create", "customer_error_reported": true, "customer_error_message": "Unexpected error detected in the user script: OutOfMemoryError('CUDA out of memory. Tried to allocate 100.00 MiB (GPU 0; 4.00 GiB total capacity; 3.30 GiB already allocated; 0 bytes free; 3.42 GiB reserved in total by PyTorch) If reserved memory is >> allocated memory try setting max_split_size_mb to avoid fragmentation.  See documentation for Memory Management and PYTORCH_CUDA_ALLOC_CONF')"}