{"offline_id": "0b810c662ba148759b9fe20fa6b88938", "project_name": "yolov5", "start_time": 1682269510791, "stop_time": 1682269534259, "tags": [], "workspace": null, "resume_strategy": "create", "customer_error_reported": true, "customer_error_message": "Unexpected error detected in the user script: AssertionError('\\x1b[34m\\x1b[1mtrain: \\x1b[0mNo labels found in D:\\\\yolov5\\\\sev_seg1\\\\train.cache, can not start training. See https://github.com/ultralytics/yolov5/wiki/Train-Custom-Data')"}