{"offline_id": "cec7b0da3dbe41749482664f58205a39", "project_name": "yolov5", "start_time": 1682319243463, "stop_time": 1682319267325, "tags": [], "workspace": null, "resume_strategy": "create", "customer_error_reported": true, "customer_error_message": "Unexpected error detected in the user script: Exception('\\x1b[34m\\x1b[1mtrain: \\x1b[0mError loading data from D:\\\\yolov5\\\\sev_seg\\\\imagestrain: \\x1b[34m\\x1b[1mtrain: \\x1b[0mD:\\\\yolov5\\\\sev_seg\\\\imagestrain does not exist\\nSee https://github.com/ultralytics/yolov5/wiki/Train-Custom-Data')"}